"id","title","short_name","currency","utc_code","status","created_by","updated_by","created_at","updated_at"
"1","Afghanistan","AFG","AFN","+04:30","1","1",NULL,"2025-02-11 04:26:40","2025-12-22 10:57:20"
"2","Albania","ALB","ALL","+01:00","1","1",NULL,"2025-02-11 04:26:40","2025-12-22 10:57:20"
"3","Algeria","DZA","DZD","+01:00","1","1",NULL,"2025-02-11 04:26:40","2025-12-22 10:57:20"
"4","Argentina","ARG","ARS","-03:00","1","1",NULL,"2025-02-11 04:26:40","2025-12-22 10:57:20"
"5","Argentina","ARG","ARS","-03:00","0","1",NULL,"2025-02-11 04:26:40","2025-12-24 07:01:53"
"6","Argentina","ARG","ARS","-03:00","0","1",NULL,"2025-02-11 04:26:40","2025-12-24 07:01:59"
"7","Argentina","ARG","ARS","-03:00","0","1",NULL,"2025-02-11 04:26:40","2025-12-24 07:02:26"
"8","Argentina","ARG","ARS","-03:00","0","1",NULL,"2025-02-11 04:26:40","2025-12-24 07:02:31"
"9","Argentina","ARG","ARS","-03:00","0","1",NULL,"2025-02-11 04:26:40","2025-12-24 07:02:37"
"10","Argentina","ARG","ARS","-03:00","0","1",NULL,"2025-02-11 04:26:40","2025-12-24 07:02:41"
"11","Argentina","ARG","ARS","-03:00","0","1",NULL,"2025-02-11 04:26:40","2025-12-24 07:02:46"
"12","Argentina","ARG","ARS","-03:00","0","1",NULL,"2025-02-11 04:26:40","2025-12-24 07:02:52"
"13","Argentina","ARG","ARS","-03:00","0","1",NULL,"2025-02-11 04:26:40","2025-12-24 07:02:57"
"14","Argentina","ARG","ARS","-03:00","0","1",NULL,"2025-02-11 04:26:40","2025-12-24 07:03:09"
"15","Argentina","ARG","ARS","-03:00","0","1",NULL,"2025-02-11 04:26:40","2025-12-24 07:03:24"
"16","Armenia","ARM","AMD","+04:00","1","1",NULL,"2025-02-11 04:26:40","2025-12-22 10:57:20"
"17","Australia","AUS","AUD","+11:00","1","1",NULL,"2025-02-11 04:26:40","2025-12-22 10:57:20"
"18","Australia","AUS","AUD","+10:00","1","1",NULL,"2025-02-11 04:26:40","2025-12-22 10:57:20"
"19","Australia","AUS","AUD","+10:00","0","1",NULL,"2025-02-11 04:26:40","2025-12-24 07:06:06"
"20","Australia","AUS","AUD","+09:30","1","1",NULL,"2025-02-11 04:26:40","2025-12-22 10:57:20"
"21","Australia","AUS","AUD","+10:00","0","1",NULL,"2025-02-11 04:26:40","2025-12-24 07:13:33"
"22","Australia","AUS","AUD","+09:30","0","1",NULL,"2025-02-11 04:26:40","2025-12-24 07:13:52"
"23","Australia","AUS","AUD","+08:00","1","1",NULL,"2025-02-11 04:26:40","2025-12-22 10:57:20"
"24","Australia","AUS","AUD","+08:00","0","1",NULL,"2025-02-11 04:26:40","2025-12-24 07:14:04"
"25","Australia","AUS","AUD","+08:00","0","1",NULL,"2025-02-11 04:26:40","2025-12-24 07:59:11"
"26","Australia","AUS","AUD","+08:00","0","1",NULL,"2025-02-11 04:26:40","2025-12-24 07:59:17"
"27","Australia","AUS","AUD","+08:00","0","1",NULL,"2025-02-11 04:26:40","2025-12-24 07:59:24"
"28","Australia","AUS","AUD","+08:00","0","1",NULL,"2025-02-11 04:26:41","2025-12-24 11:20:04"
"29","Australia","AUS","AUD","+08:00","0","1",NULL,"2025-02-11 04:26:41","2025-12-24 11:20:09"
"30","Austria","AUT","EUR","+01:00","1","1",NULL,"2025-02-11 04:26:41","2025-12-22 10:57:20"
"31","Azerbaijan","AZE","AZN","+04:00","1","1",NULL,"2025-02-11 04:26:41","2025-12-22 10:57:20"
"32","Bahrain","BHR","BHD","+03:00","1","1",NULL,"2025-02-11 04:26:41","2025-12-22 10:57:20"
"33","Bangladesh","BGD","BDT","+06:00","1","1",NULL,"2025-02-11 04:26:41","2025-12-22 10:57:20"
"34","Belarus","BLR","BYN","+03:00","1","1",NULL,"2025-02-11 04:26:41","2025-12-22 10:57:20"
"35","Belgium","BEL","EUR","+01:00","1","1",NULL,"2025-02-11 04:26:41","2025-12-22 10:57:20"
"36","Belize","BLZ","BZD","-06:00","1","1",NULL,"2025-02-11 04:26:41","2025-12-22 10:57:20"
"37","Bhutan","BTN","BTN","+06:00","1","1",NULL,"2025-02-11 04:26:41","2025-12-22 10:57:20"
"38","Bolivia","BOL","BOB","-04:00","1","1",NULL,"2025-02-11 04:26:41","2025-12-22 10:57:20"
"39","Bosnia and Herzegovina","BIH","BAM","+01:00","1","1",NULL,"2025-02-11 04:26:41","2025-12-22 10:57:20"
"40","Botswana","BWA","BWP","+02:00","1","1",NULL,"2025-02-11 04:26:41","2025-12-22 10:57:20"
"41","Brazil","BRA","BRL","-02:00","1","1",NULL,"2025-02-11 04:26:41","2025-12-22 10:57:20"
"42","Brazil","BRA","BRL","-03:00","1","1",NULL,"2025-02-11 04:26:41","2025-12-22 10:57:20"
"43","Brazil","BRA","BRL","-03:00","1","1",NULL,"2025-02-11 04:26:41","2025-12-22 10:57:20"
"44","Brazil","BRA","BRL","-03:00","1","1",NULL,"2025-02-11 04:26:41","2025-12-22 10:57:20"
"45","Brazil","BRA","BRL","-04:00","1","1",NULL,"2025-02-11 04:26:41","2025-12-22 10:57:20"
"46","Brazil","BRA","BRL","-04:00","1","1",NULL,"2025-02-11 04:26:41","2025-12-22 10:57:20"
"47","Brazil","BRA","BRL","-05:00","1","1",NULL,"2025-02-11 04:26:41","2025-12-22 10:57:20"
"48","Brazil","BRA","BRL","-05:00","1","1",NULL,"2025-02-11 04:26:41","2025-12-22 10:57:20"
"49","Brazil","BRA","BRL","-05:00","1","1",NULL,"2025-02-11 04:26:41","2025-12-22 10:57:20"
"50","Brazil","BRA","BRL","-05:00","1","1",NULL,"2025-02-11 04:26:41","2025-12-22 10:57:20"
"51","Brazil","BRA","BRL","-05:00","1","1",NULL,"2025-02-11 04:26:41","2025-12-22 10:57:20"
"52","Brazil","BRA","BRL","-05:00","1","1",NULL,"2025-02-11 04:26:41","2025-12-22 10:57:20"
"53","Brazil","BRA","BRL","-05:00","1","1",NULL,"2025-02-11 04:26:41","2025-12-22 10:57:20"
"54","Brazil","BRA","BRL","-05:00","1","1",NULL,"2025-02-11 04:26:41","2025-12-22 10:57:21"
"55","Brazil","BRA","BRL","-05:00","1","1",NULL,"2025-02-11 04:26:41","2025-12-22 10:57:21"
"56","Brazil","BRA","BRL","-05:00","1","1",NULL,"2025-02-11 04:26:41","2025-12-22 10:57:21"
"57","Brunei","BRN","BND","+08:00","1","1",NULL,"2025-02-11 04:26:41","2025-12-22 10:57:21"
"58","Bulgaria","BGR","BGN","+02:00","1","1",NULL,"2025-02-11 04:26:41","2025-12-22 10:57:21"
"59","Cambodia","KHM","KHR","+07:00","1","1",NULL,"2025-02-11 04:26:41","2025-12-22 10:57:21"
"60","Cameroon","CMR","XAF","+01:00","1","1",NULL,"2025-02-11 04:26:41","2025-12-22 10:57:21"
"61","Canada","CAN","CAD","-03:30","1","1",NULL,"2025-02-11 04:26:41","2025-12-22 10:57:21"
"62","Canada","CAN","CAD","-04:00","1","1",NULL,"2025-02-11 04:26:41","2025-12-22 10:57:21"
"63","Canada","CAN","CAD","-04:00","1","1",NULL,"2025-02-11 04:26:41","2025-12-22 10:57:21"
"64","Canada","CAN","CAD","-05:00","1","1",NULL,"2025-02-11 04:26:41","2025-12-22 10:57:21"
"65","Canada","CAN","CAD","-05:00","1","1",NULL,"2025-02-11 04:26:41","2025-12-22 10:57:21"
"66","Canada","CAN","CAD","-06:00","1","1",NULL,"2025-02-11 04:26:41","2025-12-22 10:57:21"
"67","Canada","CAN","CAD","-06:00","1","1",NULL,"2025-02-11 04:26:41","2025-12-22 10:57:21"
"68","Canada","CAN","CAD","-07:00","1","1",NULL,"2025-02-11 04:26:41","2025-12-22 10:57:21"
"69","Canada","CAN","CAD","-07:00","1","1",NULL,"2025-02-11 04:26:41","2025-12-22 10:57:21"
"70","Canada","CAN","CAD","-08:00","1","1",NULL,"2025-02-11 04:26:41","2025-12-22 10:57:21"
"71","Canada","CAN","CAD","-08:00","1","1",NULL,"2025-02-11 04:26:41","2025-12-22 10:57:21"
"72","Canada","CAN","CAD","-08:00","1","1",NULL,"2025-02-11 04:26:41","2025-12-22 10:57:21"
"73","Canada","CAN","CAD","-08:00","1","1",NULL,"2025-02-11 04:26:41","2025-12-22 10:57:21"
"74","Canada","CAN","CAD","-08:00","1","1",NULL,"2025-02-11 04:26:41","2025-12-22 10:57:21"
"75","Canada","CAN","CAD","-08:00","1","1",NULL,"2025-02-11 04:26:41","2025-12-22 10:57:21"
"76","Canada","CAN","CAD","-08:00","1","1",NULL,"2025-02-11 04:26:41","2025-12-22 10:57:21"
"77","Canada","CAN","CAD","-08:00","1","1",NULL,"2025-02-11 04:26:41","2025-12-22 10:57:21"
"78","Canada","CAN","CAD","-08:00","1","1",NULL,"2025-02-11 04:26:41","2025-12-22 10:57:21"
"79","Canada","CAN","CAD","-08:00","1","1",NULL,"2025-02-11 04:26:41","2025-12-22 10:57:21"
"80","Canada","CAN","CAD","-08:00","1","1",NULL,"2025-02-11 04:26:41","2025-12-22 10:57:21"
"81","Canada","CAN","CAD","-08:00","1","1",NULL,"2025-02-11 04:26:41","2025-12-22 10:57:21"
"82","Canada","CAN","CAD","-08:00","1","1",NULL,"2025-02-11 04:26:41","2025-12-22 10:57:21"
"83","Canada","CAN","CAD","-08:00","1","1",NULL,"2025-02-11 04:26:41","2025-12-22 10:57:21"
"84","Canada","CAN","CAD","-08:00","1","1",NULL,"2025-02-11 04:26:41","2025-12-22 10:57:21"
"85","Canada","CAN","CAD","-08:00","1","1",NULL,"2025-02-11 04:26:41","2025-12-22 10:57:21"
"86","Canada","CAN","CAD","-08:00","1","1",NULL,"2025-02-11 04:26:41","2025-12-22 10:57:21"
"87","Canada","CAN","CAD","-08:00","1","1",NULL,"2025-02-11 04:26:41","2025-12-22 10:57:21"
"88","Canada","CAN","CAD","-08:00","1","1",NULL,"2025-02-11 04:26:41","2025-12-22 10:57:21"
"89","Chile","CHL","CLP","-04:00","1","1",NULL,"2025-02-11 04:26:41","2025-12-22 10:57:21"
"90","Chile","CHL","CLP","-05:00","1","1",NULL,"2025-02-11 04:26:41","2025-12-22 10:57:21"
"91","China","CHN","CNY","+08:00","1","1",NULL,"2025-02-11 04:26:41","2025-12-22 10:57:21"
"92","China","CHN","CNY","+06:00","1","1",NULL,"2025-02-11 04:26:41","2025-12-22 10:57:21"
"93","Colombia","COL","COP","-05:00","1","1",NULL,"2025-02-11 04:26:41","2025-12-22 10:57:21"
"94","Congo (DRC)","COD","CDF","+01:00","1","1",NULL,"2025-02-11 04:26:42","2025-12-22 10:57:21"
"95","Congo (DRC)","COD","CDF","+02:00","1","1",NULL,"2025-02-11 04:26:42","2025-12-22 10:57:21"
"96","Costa Rica","CRI","CRC","-06:00","1","1",NULL,"2025-02-11 04:26:42","2025-12-22 10:57:21"
"97","Cote dIvoire","CIV",,"+00:00","1","1",NULL,"2025-02-11 04:26:42","2025-02-11 04:27:12"
"98","Croatia","HRV","EUR","+01:00","1","1",NULL,"2025-02-11 04:26:42","2025-12-22 10:57:21"
"99","Cuba","CUB","CUP","-05:00","1","1",NULL,"2025-02-11 04:26:42","2025-12-22 10:57:21"
"100","Czech Republic","CZE","CZK","+01:00","1","1",NULL,"2025-02-11 04:26:42","2025-12-22 10:57:21"
"101","Denmark","DNK","DKK","+01:00","1","1",NULL,"2025-02-11 04:26:42","2025-12-22 10:57:21"
"102","Djibouti","DJI","DJF","+03:00","1","1",NULL,"2025-02-11 04:26:42","2025-12-22 10:57:21"
"103","Dominican Republic","DOM","DOP","-04:00","1","1",NULL,"2025-02-11 04:26:42","2025-12-22 10:57:21"
"104","Ecuador","ECU","USD","-05:00","1","1",NULL,"2025-02-11 04:26:42","2025-12-22 10:57:21"
"105","Ecuador","ECU","USD","-06:00","1","1",NULL,"2025-02-11 04:26:42","2025-12-22 10:57:21"
"106","Egypt","EGY","EGP","+02:00","1","1",NULL,"2025-02-11 04:26:42","2025-12-22 10:57:21"
"107","El Salvador","SLV","USD","-06:00","1","1",NULL,"2025-02-11 04:26:42","2025-12-22 10:57:21"
"108","Eritrea","ERI","ERN","+03:00","1","1",NULL,"2025-02-11 04:26:42","2025-12-22 10:57:21"
"109","Estonia","EST","EUR","+02:00","1","1",NULL,"2025-02-11 04:26:42","2025-12-22 10:57:21"
"110","Ethiopia","ETH","ETB","+03:00","1","1",NULL,"2025-02-11 04:26:42","2025-12-22 10:57:21"
"111","Faroe Islands","FRO","DKK","+00:00","1","1",NULL,"2025-02-11 04:26:42","2025-12-22 10:57:21"
"112","Finland","FIN","EUR","+02:00","1","1",NULL,"2025-02-11 04:26:42","2025-12-22 10:57:21"
"113","France","FRA","EUR","+01:00","1","1",NULL,"2025-02-11 04:26:42","2025-12-22 10:57:22"
"114","Georgia","GEO","GEL","+04:00","1","1",NULL,"2025-02-11 04:26:42","2025-12-22 10:57:22"
"115","Germany","DEU","EUR","+01:00","1","1",NULL,"2025-02-11 04:26:42","2025-12-22 10:57:22"
"116","Germany","DEU","EUR","+01:00","1","1",NULL,"2025-02-11 04:26:42","2025-12-22 10:57:22"
"117","Greece","GRC","EUR","+02:00","1","1",NULL,"2025-02-11 04:26:42","2025-12-22 10:57:22"
"118","Greenland","GRL","DKK","-03:00","1","1",NULL,"2025-02-11 04:26:42","2025-12-22 10:57:22"
"119","Greenland","GRL","DKK",,"1","1",NULL,"2025-02-11 04:26:43","2025-12-22 10:57:22"
"120","Greenland","GRL","DKK","-01:00","1","1",NULL,"2025-02-11 04:26:43","2025-12-22 10:57:22"
"121","Greenland","GRL","DKK","-04:00","1","1",NULL,"2025-02-11 04:26:43","2025-12-22 10:57:22"
"122","Guatemala","GTM","GTQ","-06:00","1","1",NULL,"2025-02-11 04:26:43","2025-12-22 10:57:22"
"123","Haiti","HTI","HTG","-05:00","1","1",NULL,"2025-02-11 04:26:43","2025-12-22 10:57:22"
"124","Honduras","HND","HNL","-06:00","1","1",NULL,"2025-02-11 04:26:43","2025-12-22 10:57:22"
"125","Hong Kong SAR","HKG","HKD","+08:00","1","1",NULL,"2025-02-11 04:26:43","2025-12-22 10:57:22"
"126","Hungary","HUN","HUF","+01:00","1","1",NULL,"2025-02-11 04:26:43","2025-12-22 10:57:22"
"127","Iceland","ISL","ISK","+00:00","1","1",NULL,"2025-02-11 04:26:43","2025-12-22 10:57:22"
"128","India","IND","INR","+05:30","1","1",NULL,"2025-02-11 04:26:43","2025-12-22 10:57:22"
"129","Indonesia","IDN","IDR","+07:00","1","1",NULL,"2025-02-11 04:26:43","2025-12-22 10:57:22"
"130","Indonesia","GRL","IDR","+08:00","1","1",NULL,"2025-02-11 04:26:43","2025-12-22 10:57:22"
"131","Indonesia","GRL","IDR","+09:00","1","1",NULL,"2025-02-11 04:26:43","2025-12-22 10:57:22"
"132","Indonesia","GRL","IDR","+09:00","1","1",NULL,"2025-02-11 04:26:43","2025-12-22 10:57:22"
"133","Iran","IRN","IRR","+03:30","1","1",NULL,"2025-02-11 04:26:43","2025-12-22 10:57:22"
"134","Iraq","IRQ","IQD","+03:00","1","1",NULL,"2025-02-11 04:26:43","2025-12-22 10:57:22"
"135","Ireland","IRL","EUR","+00:00","1","1",NULL,"2025-02-11 04:26:43","2025-12-22 10:57:22"
"136","Israel","ISR","ILS","+02:00","1","1",NULL,"2025-02-11 04:26:43","2025-12-22 10:57:22"
"137","Italy","ITA","EUR","+01:00","1","1",NULL,"2025-02-11 04:26:43","2025-12-22 10:57:22"
"138","Jamaica","JAM","JMD","-05:00","1","1",NULL,"2025-02-11 04:26:43","2025-12-22 10:57:22"
"139","Japan","JPN","JPY","+09:00","1","1",NULL,"2025-02-11 04:26:43","2025-12-22 10:57:22"
"140","Jordan","JOR","JOD","+02:00","1","1",NULL,"2025-02-11 04:26:43","2025-12-22 10:57:22"
"141","Kazakhstan","KAZ","KZT","+06:00","1","1",NULL,"2025-02-11 04:26:43","2025-12-22 10:57:22"
"142","Kazakhstan","KAZ","KZT","+05:00","1","1",NULL,"2025-02-11 04:26:43","2025-12-22 10:57:22"
"143","Kazakhstan","KAZ","KZT","+05:00","1","1",NULL,"2025-02-11 04:26:43","2025-12-22 10:57:22"
"144","Kazakhstan","KAZ","KZT","+05:00","1","1",NULL,"2025-02-11 04:26:43","2025-12-22 10:57:22"
"145","Kazakhstan","KAZ","KZT","+05:00","1","1",NULL,"2025-02-11 04:26:43","2025-12-22 10:57:22"
"146","Kenya","KEN","KES","+03:00","1","1",NULL,"2025-02-11 04:26:43","2025-12-22 10:57:22"
"147","Korea","KOR","KRW","+09:00","1","1",NULL,"2025-02-11 04:26:43","2025-12-22 10:57:22"
"148","Kuwait","KWT","KWD","+03:00","1","1",NULL,"2025-02-11 04:26:43","2025-12-22 10:57:22"
"149","Kyrgyzstan","KGZ","KGS","+06:00","1","1",NULL,"2025-02-11 04:26:43","2025-12-22 10:57:22"
"150","Laos","LAO","LAK","+07:00","1","1",NULL,"2025-02-11 04:26:43","2025-12-22 10:57:22"
"151","Latvia","LVA","EUR","+02:00","1","1",NULL,"2025-02-11 04:26:43","2025-12-22 10:57:22"
"152","Lebanon","LBN","LBP","+02:00","1","1",NULL,"2025-02-11 04:26:43","2025-12-22 10:57:22"
"153","Libya","LBY","LYD","+02:00","1","1",NULL,"2025-02-11 04:26:43","2025-12-22 10:57:22"
"154","Liechtenstein","LIE","CHF","+01:00","1","1",NULL,"2025-02-11 04:26:43","2025-12-22 10:57:22"
"155","Lithuania","LTU","EUR","+02:00","1","1",NULL,"2025-02-11 04:26:43","2025-12-22 10:57:22"
"156","Luxembourg","LUX","EUR","+01:00","1","1",NULL,"2025-02-11 04:26:43","2025-12-22 10:57:22"
"157","Macao SAR","MAC","MOP","+08:00","1","1",NULL,"2025-02-11 04:26:43","2025-12-22 10:57:22"
"158","Macedonia, FYRO","MKD","MKD","+01:00","1","1",NULL,"2025-02-11 04:26:43","2025-12-22 10:57:22"
"159","Malaysia","MYS","MYR","+08:00","1","1",NULL,"2025-02-11 04:26:43","2025-12-22 10:57:22"
"160","Malaysia","MYS","MYR","+08:00","1","1",NULL,"2025-02-11 04:26:43","2025-12-22 10:57:22"
"161","Maldives","MDV","MVR","+05:00","1","1",NULL,"2025-02-11 04:26:43","2025-12-22 10:57:22"
"162","Mali","MLI","XOF","+00:00","1","1",NULL,"2025-02-11 04:26:44","2025-12-22 10:57:22"
"163","Malta","MLT","EUR","+01:00","1","1",NULL,"2025-02-11 04:26:44","2025-12-22 10:57:22"
"164","Mexico","MEX","MXN","-06:00","1","1",NULL,"2025-02-11 04:26:44","2025-12-22 10:57:22"
"165","Mexico","MEX","MXN","-05:00","1","1",NULL,"2025-02-11 04:26:44","2025-12-22 10:57:22"
"166","Mexico","MEX","MXN","-06:00","1","1",NULL,"2025-02-11 04:26:44","2025-12-22 10:57:22"
"167","Mexico","MEX","MXN","-07:00","1","1",NULL,"2025-02-11 04:26:44","2025-12-22 10:57:22"
"168","Mexico","MEX","MXN","-07:00","1","1",NULL,"2025-02-11 04:26:44","2025-12-22 10:57:22"
"169","Mexico","MEX","MXN","-07:00","1","1",NULL,"2025-02-11 04:26:44","2025-12-22 10:57:23"
"170","Mexico","MEX","MXN","-08:00","1","1",NULL,"2025-02-11 04:26:44","2025-12-22 10:57:23"
"171","Mexico","MEX","MXN","-08:00","1","1",NULL,"2025-02-11 04:26:44","2025-12-22 10:57:23"
"172","Mexico","MEX","MXN","-08:00","1","1",NULL,"2025-02-11 04:26:44","2025-12-22 10:57:23"
"173","Mexico","MEX","MXN","-08:00","1","1",NULL,"2025-02-11 04:26:44","2025-12-22 10:57:23"
"174","Mexico","MEX","MXN","-08:00","1","1",NULL,"2025-02-11 04:26:44","2025-12-22 10:57:23"
"175","Moldova","MDA","MDL","+02:00","1","1",NULL,"2025-02-11 04:26:44","2025-12-22 10:57:23"
"176","Monaco","MCO","EUR","+01:00","1","1",NULL,"2025-02-11 04:26:44","2025-12-22 10:57:23"
"177","Mongolia","MNG","MNT","+08:00","1","1",NULL,"2025-02-11 04:26:44","2025-12-22 10:57:23"
"178","Mongolia","MNG","MNT","+08:00","1","1",NULL,"2025-02-11 04:26:44","2025-12-22 10:57:23"
"179","Mongolia","MNG","MNT","+08:00","1","1",NULL,"2025-02-11 04:26:44","2025-12-22 10:57:23"
"180","Montenegro","MNE","EUR","+01:00","1","1",NULL,"2025-02-11 04:26:44","2025-12-22 10:57:23"
"181","Morocco","MAR","MAD","+00:00","1","1",NULL,"2025-02-11 04:26:44","2025-12-22 10:57:23"
"182","Myanmar","MMR","MMK","+06:30","1","1",NULL,"2025-02-11 04:26:44","2025-12-22 10:57:23"
"183","Nepal","NPL","NPR","+05:45","1","1",NULL,"2025-02-11 04:26:44","2025-12-22 10:57:23"
"184","Netherlands","NLD","EUR","+01:00","1","1",NULL,"2025-02-11 04:26:44","2025-12-22 10:57:23"
"185","New Zealand","NZL","NZD","+12:00","1","1",NULL,"2025-02-11 04:26:44","2025-12-22 10:57:23"
"186","New Zealand","NZL","NZD","+12:00","1","1",NULL,"2025-02-11 04:26:44","2025-12-22 10:57:23"
"187","Nicaragua","NIC","NIO","-06:00","1","1",NULL,"2025-02-11 04:26:44","2025-12-22 10:57:23"
"188","Nigeria","NGA","NGN","+01:00","1","1",NULL,"2025-02-11 04:26:44","2025-12-22 10:57:23"
"189","Norway","NOR","NOK","+01:00","1","1",NULL,"2025-02-11 04:26:44","2025-12-22 10:57:23"
"190","Oman","OMN","OMR","+04:00","1","1",NULL,"2025-02-11 04:26:44","2025-12-22 10:57:23"
"191","Pakistan","PAK","RS","+05:00","1","1",NULL,"2025-02-11 04:26:44","2025-12-22 12:43:11"
"192","Panama","PAN","USD","-05:00","1","1",NULL,"2025-02-11 04:26:44","2025-12-22 10:57:23"
"193","Paraguay","PRY","PYG","-04:00","1","1",NULL,"2025-02-11 04:26:44","2025-12-22 10:57:23"
"194","Peru","PER","PEN","-05:00","1","1",NULL,"2025-02-11 04:26:44","2025-12-22 10:57:23"
"195","Philippines","PHL","PHP","+08:00","1","1",NULL,"2025-02-11 04:26:44","2025-12-22 10:57:23"
"196","Poland","POL","PLN","+01:00","1","1",NULL,"2025-02-11 04:26:44","2025-12-22 10:57:23"
"197","Portugal","PRT","EUR","+00:00","1","1",NULL,"2025-02-11 04:26:44","2025-12-22 10:57:23"
"198","Portugal","PRT","EUR","-01:00","1","1",NULL,"2025-02-11 04:26:44","2025-12-22 10:57:23"
"199","Portugal","PRT","EUR","-01:00","1","1",NULL,"2025-02-11 04:26:44","2025-12-22 10:57:23"
"200","Puerto Rico","PRI","USD","-04:00","1","1",NULL,"2025-02-11 04:26:44","2025-12-22 10:57:23"
"201","Qatar","QAT","QAR","+03:00","1","1",NULL,"2025-02-11 04:26:44","2025-12-22 10:57:23"
"202","Réunion","REU","EUR","+04:00","1","1",NULL,"2025-02-11 04:26:44","2025-12-22 10:57:23"
"203","Romania","ROU","RON","+02:00","1","1",NULL,"2025-02-11 04:26:44","2025-12-22 10:57:23"
"204","Russia","RUS","RUB","+02:00","1","1",NULL,"2025-02-11 04:26:44","2025-12-22 10:57:23"
"205","Russia","RUS","RUB","+03:00","1","1",NULL,"2025-02-11 04:26:44","2025-12-22 10:57:23"
"206","Russia","RUS","RUB","+04:00","1","1",NULL,"2025-02-11 04:26:44","2025-12-22 10:57:23"
"207","Russia","RUS","RUB","+05:00","1","1",NULL,"2025-02-11 04:26:44","2025-12-22 10:57:23"
"208","Russia","RUS","RUB","+07:00","1","1",NULL,"2025-02-11 04:26:44","2025-12-22 10:57:23"
"209","Russia","RUS","RUB","+07:00","1","1",NULL,"2025-02-11 04:26:44","2025-12-22 10:57:23"
"210","Russia","RUS","RUB","+08:00","1","1",NULL,"2025-02-11 04:26:44","2025-12-22 10:57:23"
"211","Russia","RUS","RUB","+09:00","1","1",NULL,"2025-02-11 04:26:45","2025-12-22 10:57:23"
"212","Russia","RUS","RUB","+10:00","1","1",NULL,"2025-02-11 04:26:45","2025-12-22 10:57:23"
"213","Russia","RUS","RUB","+11:00","1","1",NULL,"2025-02-11 04:26:45","2025-12-22 10:57:23"
"214","Russia","RUS","RUB","+11:00","1","1",NULL,"2025-02-11 04:26:45","2025-12-22 10:57:23"
"215","Russia","RUS","RUB","+12:00","1","1",NULL,"2025-02-11 04:26:45","2025-12-22 10:57:23"
"216","Russia","RUS","RUB","+12:00","1","1",NULL,"2025-02-11 04:26:45","2025-12-22 10:57:23"
"217","Russia","RUS","RUB","+12:00","1","1",NULL,"2025-02-11 04:26:45","2025-12-22 10:57:23"
"218","Russia","RUS","RUB","+12:00","1","1",NULL,"2025-02-11 04:26:45","2025-12-22 10:57:24"
"219","Russia","RUS","RUB","+12:00","1","1",NULL,"2025-02-11 04:26:45","2025-12-22 10:57:24"
"220","Russia","RUS","RUB","+12:00","1","1",NULL,"2025-02-11 04:26:45","2025-12-22 10:57:24"
"221","Russia","RUS","RUB","+12:00","1","1",NULL,"2025-02-11 04:26:45","2025-12-22 10:57:24"
"222","Russia","RUS","RUB","+12:00","1","1",NULL,"2025-02-11 04:26:45","2025-12-22 10:57:24"
"223","Russia","RUS","RUB","+12:00","1","1",NULL,"2025-02-11 04:26:45","2025-12-22 10:57:24"
"224","Russia","RUS","RUB","+12:00","1","1",NULL,"2025-02-11 04:26:45","2025-12-22 10:57:24"
"225","Russia","RUS","RUB","+12:00","1","1",NULL,"2025-02-11 04:26:45","2025-12-22 10:57:24"
"226","Russia","RUS","RUB","+12:00","1","1",NULL,"2025-02-11 04:26:45","2025-12-22 10:57:24"
"227","Russia","RUS","RUB","+12:00","1","1",NULL,"2025-02-11 04:26:45","2025-12-22 10:57:24"
"228","Rwanda","RWA","RWF","+02:00","1","1",NULL,"2025-02-11 04:26:45","2025-12-22 10:57:24"
"229","Saudi Arabia","SAU","SAR","+03:00","1","1",NULL,"2025-02-11 04:26:45","2025-12-22 10:57:24"
"230","Senegal","SEN","XOF","+00:00","1","1",NULL,"2025-02-11 04:26:45","2025-12-22 10:57:24"
"231","Serbia","SRB","RSD","+01:00","1","1",NULL,"2025-02-11 04:26:45","2025-12-22 10:57:24"
"232","Singapore","SGP","SGD","+08:00","1","1",NULL,"2025-02-11 04:26:45","2025-12-22 10:57:24"
"233","Slovakia","SVK","EUR","+01:00","1","1",NULL,"2025-02-11 04:26:45","2025-12-22 10:57:24"
"234","Slovenia","SVN","EUR","+01:00","1","1",NULL,"2025-02-11 04:26:45","2025-12-22 10:57:24"
"235","Somalia","SOM","SOS","+03:00","1","1",NULL,"2025-02-11 04:26:45","2025-12-22 10:57:24"
"236","South Africa","ZAF","ZAR","+02:00","1","1",NULL,"2025-02-11 04:26:45","2025-12-22 10:57:24"
"237","Spain","ESP","EUR","+01:00","1","1",NULL,"2025-02-11 04:26:45","2025-12-22 10:57:24"
"238","Spain","ESP","EUR","+00:00","1","1",NULL,"2025-02-11 04:26:45","2025-12-22 10:57:24"
"239","Spain","ESP","EUR","+00:00","1","1",NULL,"2025-02-11 04:26:45","2025-12-22 10:57:24"
"240","Sri Lanka","LKA","LKR","+05:30","1","1",NULL,"2025-02-11 04:26:45","2025-12-22 10:57:24"
"241","Sweden","SWE","SEK","+01:00","1","1",NULL,"2025-02-11 04:26:45","2025-12-22 10:57:24"
"242","Switzerland","CHE","CHF","+01:00","1","1",NULL,"2025-02-11 04:26:45","2025-12-22 10:57:24"
"243","Syria","SYR","SYP","+02:00","1","1",NULL,"2025-02-11 04:26:45","2025-12-22 10:57:24"
"244","Taiwan","TWN","TWD","+08:00","1","1",NULL,"2025-02-11 04:26:45","2025-12-22 10:57:24"
"245","Tajikistan","TJK","TJS","+05:00","1","1",NULL,"2025-02-11 04:26:45","2025-12-22 10:57:24"
"246","Thailand","THA","THB","+07:00","1","1",NULL,"2025-02-11 04:26:45","2025-12-22 10:57:24"
"247","Trinidad and Tobago","TTO","TTD","-04:00","1","1",NULL,"2025-02-11 04:26:45","2025-12-22 10:57:24"
"248","Tunisia","TUN","TND","+01:00","1","1",NULL,"2025-02-11 04:26:45","2025-12-22 10:57:24"
"249","Turkey","TUR","TRY","+02:00","1","1",NULL,"2025-02-11 04:26:45","2025-12-22 10:57:24"
"250","Turkmenistan","TKM","TMT","+05:00","1","1",NULL,"2025-02-11 04:26:45","2025-12-22 10:57:24"
"251","Ukraine","UKR","UAH","+02:00","1","1",NULL,"2025-02-11 04:26:45","2025-12-22 10:57:24"
"252","Ukraine","UKR","UAH","+02:00","1","1",NULL,"2025-02-11 04:26:45","2025-12-22 10:57:24"
"253","Ukraine","UKR","UAH","+02:00","1","1",NULL,"2025-02-11 04:26:45","2025-12-22 10:57:24"
"254","United Arab Emirates","ARE","AED","+04:00","1","1",NULL,"2025-02-11 04:26:45","2025-12-22 10:57:24"
"255","United Kingdom","GBR","GBP","+00:00","1","1",NULL,"2025-02-11 04:26:45","2025-12-22 10:57:24"
"256","United States","USA","USD","-05:00","1","1",NULL,"2025-02-11 04:26:45","2025-12-22 10:57:24"
"257","United States","USA","USD","-05:00","1","1",NULL,"2025-02-11 04:26:45","2025-12-22 10:57:24"
"258","United States","USA","USD","-06:00","1","1",NULL,"2025-02-11 04:26:45","2025-12-22 10:57:24"
"259","United States","USA","USD","-07:00","1","1",NULL,"2025-02-11 04:26:45","2025-12-22 10:57:25"
"260","United States","USA","USD","-07:00","1","1",NULL,"2025-02-11 04:26:45","2025-12-22 10:57:25"
"261","United States","USA","USD","-08:00","1","1",NULL,"2025-02-11 04:26:45","2025-12-22 10:57:25"
"262","United States","USA","USD","-09:00","1","1",NULL,"2025-02-11 04:26:45","2025-12-22 10:57:25"
"263","United States","USA","USD","-10:00","1","1",NULL,"2025-02-11 04:26:45","2025-12-22 10:57:25"
"264","United States","USA","USD","-10:00","1","1",NULL,"2025-02-11 04:26:45","2025-12-22 10:57:25"
"265","United States","USA","USD","-10:00","1","1",NULL,"2025-02-11 04:26:45","2025-12-22 10:57:25"
"266","United States","USA","USD","-10:00","1","1",NULL,"2025-02-11 04:26:45","2025-12-22 10:57:25"
"267","United States","USA","USD","-10:00","1","1",NULL,"2025-02-11 04:26:45","2025-12-22 10:57:25"
"268","United States","USA","USD","-10:00","1","1",NULL,"2025-02-11 04:26:45","2025-12-22 10:57:25"
"269","United States","USA","USD","-10:00","1","1",NULL,"2025-02-11 04:26:45","2025-12-22 10:57:25"
"270","United States","USA","USD","-10:00","1","1",NULL,"2025-02-11 04:26:45","2025-12-22 10:57:25"
"271","United States","USA","USD","-10:00","1","1",NULL,"2025-02-11 04:26:45","2025-12-22 10:57:25"
"272","United States","USA","USD","-10:00","1","1",NULL,"2025-02-11 04:26:45","2025-12-22 10:57:25"
"273","United States","USA","USD","-10:00","1","1",NULL,"2025-02-11 04:26:45","2025-12-22 10:57:25"
"274","United States","USA","USD","-10:00","1","1",NULL,"2025-02-11 04:26:45","2025-12-22 10:57:25"
"275","United States","USA","USD","-10:00","1","1",NULL,"2025-02-11 04:26:45","2025-12-22 10:57:25"
"276","United States","USA","USD","-10:00","1","1",NULL,"2025-02-11 04:26:45","2025-12-22 10:57:25"
"277","United States","USA","USD","-10:00","1","1",NULL,"2025-02-11 04:26:45","2025-12-22 10:57:25"
"278","United States","USA","USD","-10:00","1","1",NULL,"2025-02-11 04:26:45","2025-12-22 10:57:25"
"279","United States","USA","USD","-10:00","1","1",NULL,"2025-02-11 04:26:45","2025-12-22 10:57:25"
"280","United States","USA","USD","-10:00","1","1",NULL,"2025-02-11 04:26:45","2025-12-22 10:57:25"
"281","United States","USA","USD","-10:00","1","1",NULL,"2025-02-11 04:26:46","2025-12-22 10:57:25"
"282","United States","USA","USD","-10:00","1","1",NULL,"2025-02-11 04:26:46","2025-12-22 10:57:25"
"283","United States","USA","USD","-10:00","1","1",NULL,"2025-02-11 04:26:46","2025-12-22 10:57:25"
"284","United States","USA","USD","-10:00","1","1",NULL,"2025-02-11 04:26:46","2025-12-22 10:57:25"
"285","Uruguay","URY","UYU","-03:00","1","1",NULL,"2025-02-11 04:26:46","2025-12-22 10:57:25"
"286","Uzbekistan","UZB","UZS","+05:00","1","1",NULL,"2025-02-11 04:26:46","2025-12-22 10:57:25"
"287","Uzbekistan","UZB","UZS","+05:00","1","1",NULL,"2025-02-11 04:26:46","2025-12-22 10:57:25"
"288","Venezuela","VEN","VES","-04:00","1","1",NULL,"2025-02-11 04:26:46","2025-12-22 10:57:25"
"289","Vietnam","VNM","VND","+07:00","1","1",NULL,"2025-02-11 04:26:46","2025-12-22 10:57:25"
"290","Yemen","YEM","YER","+03:00","1","1",NULL,"2025-02-11 04:26:46","2025-12-22 10:57:25"
"291","Zimbabwe","ZWE","ZWL","+02:00","1","1",NULL,"2025-02-11 04:26:46","2025-12-22 10:57:25"
